Date,Inflation,Policy Rate,Daily new confirmed cases of COVID-19 per million,Stringency index (weighted average),USD/GHS Exchange Rate
2020-01-01,7.8,16,0,0,5.7
2020-01-02,7.8,16,0,0,5.7125
2020-01-03,7.8,16,0,0,5.72
2020-01-04,7.8,16,0,0,5.709333333
2020-01-05,7.8,16,0,0,5.698666667
2020-01-06,7.8,16,0,0,5.688
2020-01-07,7.8,16,0,0,5.7227
2020-01-08,7.8,16,0,0,5.685
2020-01-09,7.8,16,0,0,5.695
2020-01-10,7.8,16,0,0,5.6621
2020-01-11,7.8,16,0,0,5.663066667
2020-01-12,7.8,16,0,0,5.664033333
2020-01-13,7.8,16,0,0,5.665
2020-01-14,7.8,16,0,0,5.6595
2020-01-15,7.8,16,0,0,5.6798
2020-01-16,7.8,16,0,0,5.67
2020-01-17,7.8,16,0,0,5.635
2020-01-18,7.8,16,0,0,5.64
2020-01-19,7.8,16,0,0,5.645
2020-01-20,7.8,16,0,0,5.65
2020-01-21,7.8,16,0,0,5.6825
2020-01-22,7.8,16,0,0,5.665
2020-01-23,7.8,16,0,0,5.5794
2020-01-24,7.8,16,0,2.78,5.585
2020-01-25,7.8,16,0,2.78,5.585
2020-01-26,7.8,16,0,2.78,5.585
2020-01-27,7.8,16,0,2.78,5.585
2020-01-28,7.8,16,0,2.78,5.5719
2020-01-29,7.8,16,0,2.78,5.5563
2020-01-30,7.8,16,0,2.78,5.505
2020-01-31,7.8,16,0,2.78,5.4863
2020-02-01,7.8,16,0,2.78,5.4692
2020-02-02,7.8,15.94827586,0,2.78,5.4521
2020-02-03,7.8,15.89655172,0,2.78,5.435
2020-02-04,7.8,15.84482759,0,2.78,5.3897
2020-02-05,7.8,15.79310345,0,2.78,5.41
2020-02-06,7.8,15.74137931,0,2.78,5.425
2020-02-07,7.8,15.68965517,0,2.78,5.4141
2020-02-08,7.8,15.63793103,0,2.78,5.412966667
2020-02-09,7.8,15.5862069,0,2.78,5.411833333
2020-02-10,7.8,15.53448276,0,2.78,5.4107
2020-02-11,7.8,15.48275862,0,2.78,5.4071
2020-02-12,7.8,15.43103448,0,2.78,5.3411
2020-02-13,7.8,15.37931034,0,2.78,5.3309
2020-02-14,7.8,15.32758621,0,2.78,5.3217
2020-02-15,7.8,15.27586207,0,2.78,5.326133333
2020-02-16,7.8,15.22413793,0,2.78,5.330566667
2020-02-17,7.8,15.17241379,0,2.78,5.335
2020-02-18,7.8,15.12068966,0,2.78,5.356
2020-02-19,7.8,15.06896552,0,2.78,5.3512
2020-02-20,7.8,15.01724138,0,2.78,5.32
2020-02-21,7.8,14.96551724,0,2.78,5.32
2020-02-22,7.8,14.9137931,0,2.78,5.3239
2020-02-23,7.8,14.86206897,0,2.78,5.3278
2020-02-24,7.8,14.81034483,0,2.78,5.3317
2020-02-25,7.8,14.75862069,0,2.78,5.3739
2020-02-26,7.8,14.70689655,0,2.78,5.4399
2020-02-27,7.8,14.65517241,0,2.78,5.4051
2020-02-28,7.8,14.60344828,0,2.78,5.4658
2020-02-29,7.8,14.55172414,0,2.78,5.452266667
2020-03-01,7.8,14.5,0,2.78,5.438733333
2020-03-02,7.890322581,14.5,0,2.78,5.4252
2020-03-03,7.980645161,14.5,0,2.78,5.4437
2020-03-04,8.070967742,14.5,0,2.78,5.44
2020-03-05,8.161290323,14.5,0,2.78,5.435
2020-03-06,8.251612903,14.5,0,2.78,5.5192
2020-03-07,8.341935484,14.5,0,2.78,5.516133333
2020-03-08,8.432258065,14.5,0,2.78,5.513066667
2020-03-09,8.522580645,14.5,0,2.78,5.51
2020-03-10,8.612903226,14.5,0,2.78,5.525
2020-03-11,8.703225806,14.5,0,8.33,5.52
2020-03-12,8.793548387,14.5,0.030166684,8.33,5.6312
2020-03-13,8.883870968,14.5,0.060333367,8.33,5.515
2020-03-14,8.974193548,14.5,0.030166684,8.33,5.543333333
2020-03-15,9.064516129,14.5,0.120666735,13.89,5.571666667
2020-03-16,9.15483871,14.5,0.060333367,44.44,5.6
2020-03-17,9.24516129,14.5,0.030166684,50,5.59
2020-03-18,9.335483871,14.5,0.120666735,50,5.6292
2020-03-19,9.425806452,14.5,0.09050005,50,5.6057
2020-03-20,9.516129032,14.5,0.120666735,50,5.645
2020-03-21,9.606451613,14.5,0.1810001,50,5.648333333
2020-03-22,9.696774194,14.5,0.09050005,52.78,5.651666667
2020-03-23,9.787096774,14.5,0.09050005,52.78,5.655
2020-03-24,9.877419355,14.5,0.1810001,52.78,5.7214
2020-03-25,9.967741935,14.5,0.39216688,52.78,5.63
2020-03-26,10.05806452,14.5,0.45250025,52.78,5.75
2020-03-27,10.1483871,14.5,1.9306678,52.78,5.715
2020-03-28,10.23870968,14.5,0.1810001,52.78,5.726666667
2020-03-29,10.32903226,14.5,0.09050005,52.78,5.738333333
2020-03-30,10.41935484,14.5,0.3318335,84.26,5.75
2020-03-31,10.50967742,14.5,0,84.26,5.765
2020-04-01,10.6,14.5,0.27150017,84.26,5.685
2020-04-02,10.62333333,14.5,1.0256673,84.26,5.765
2020-04-03,10.64666667,14.5,0.27150017,84.26,5.75
2020-04-04,10.67,14.5,0.030166684,84.26,5.771666667
2020-04-05,10.69333333,14.5,0.27150017,84.26,5.793333333
2020-04-06,10.71666667,14.5,0,84.26,5.815
2020-04-07,10.74,14.5,2.202168,84.26,5.855
2020-04-08,10.76333333,14.5,0.78433377,84.26,5.78
2020-04-09,10.78666667,14.5,0,84.26,5.83
2020-04-10,10.81,14.5,1.9608345,84.26,5.83
2020-04-11,10.83333333,14.5,0,84.26,5.826666667
2020-04-12,10.85666667,14.5,5.6713367,84.26,5.823333333
2020-04-13,10.88,14.5,0,84.26,5.82
2020-04-14,10.90333333,14.5,2.1116679,84.26,5.685
2020-04-15,10.92666667,14.5,0,84.26,5.775
2020-04-16,10.95,14.5,0.15083343,84.26,5.76
2020-04-17,10.97333333,14.5,0,84.26,5.6988
2020-04-18,10.99666667,14.5,0,84.26,5.6992
2020-04-19,11.02,14.5,5.8221703,70.37,5.6996
2020-04-20,11.04333333,14.5,6.27467,62.04,5.7
2020-04-21,11.06666667,14.5,0,62.04,5.715
2020-04-22,11.09,14.5,0,62.04,5.785
2020-04-23,11.11333333,14.5,3.3786685,62.04,5.7643
2020-04-24,11.13666667,14.5,0,62.04,5.768
2020-04-25,11.16,14.5,3.7708356,62.04,5.775733333
2020-04-26,11.18333333,14.5,0,62.04,5.783466667
2020-04-27,11.20666667,14.5,8.175172,62.04,5.7912
2020-04-28,11.23,14.5,0,62.04,5.7537
2020-04-29,11.25333333,14.5,3.650169,62.04,5.75
2020-04-30,11.27666667,14.5,0,62.04,5.775
2020-05-01,11.3,14.5,12.157174,62.04,5.8
2020-05-02,11.29677419,14.5,0,62.04,5.791666667
2020-05-03,11.29354839,14.5,2.865835,62.04,5.783333333
2020-05-04,11.29032258,14.5,0,62.04,5.775
2020-05-05,11.28709677,14.5,16.591677,62.04,5.8
2020-05-06,11.28387097,14.5,0,62.04,5.775
2020-05-07,11.28064516,14.5,0,62.04,5.76
2020-05-08,11.27741935,14.5,11.222007,62.04,5.7681
2020-05-09,11.27419355,14.5,27.783516,62.04,5.774533333
2020-05-10,11.27096774,14.5,7.571838,62.04,5.780966667
2020-05-11,11.26774194,14.5,13.182841,62.04,5.7874
2020-05-12,11.26451613,14.5,0,62.04,5.8
2020-05-13,11.26129032,14.5,12.881174,62.04,5.7
2020-05-14,11.25806452,14.5,8.476838,62.04,5.805
2020-05-15,11.25483871,14.5,3.6803355,62.04,5.76
2020-05-16,11.2516129,14.5,3.2580018,62.04,5.766666667
2020-05-17,11.2483871,14.5,2.9261684,62.04,5.773333333
2020-05-18,11.24516129,14.5,0,62.04,5.78
2020-05-19,11.24193548,14.5,0,62.04,5.8025
2020-05-20,11.23870968,14.5,10.890173,62.04,5.75
2020-05-21,11.23548387,14.5,0,62.04,5.74
2020-05-22,11.23225806,14.5,5.2188363,62.04,5.78
2020-05-23,11.22903226,14.5,6.54617,62.04,5.78
2020-05-24,11.22580645,14.5,3.9518356,62.04,5.78
2020-05-25,11.22258065,14.5,1.9910011,62.04,5.78
2020-05-26,11.21935484,14.5,3.7708356,62.04,5.76
2020-05-27,11.21612903,14.5,4.7060027,62.04,5.79
2020-05-28,11.21290323,14.5,10.226506,62.04,5.775
2020-05-29,11.20967742,14.5,0,62.04,5.785
2020-05-30,11.20645161,14.5,9.442172,62.04,5.78
2020-05-31,11.20322581,14.5,4.585336,62.04,5.775
2020-06-01,11.2,14.5,3.4088354,62.04,5.77
2020-06-02,11.20666667,14.5,5.7015033,62.04,5.775
2020-06-03,11.21333333,14.5,6.8478374,62.04,5.77
2020-06-04,11.22,14.5,7.571838,62.04,5.785
2020-06-05,11.22666667,14.5,10.166173,62.04,5.77
2020-06-06,11.23333333,14.5,8.537171,62.04,5.775
2020-06-07,11.24,14.5,8.869005,62.04,5.78
2020-06-08,11.24666667,14.5,0,62.04,5.785
2020-06-09,11.25333333,14.5,13.514674,62.04,5.775
2020-06-10,11.26,14.5,8.778505,62.04,5.78
2020-06-11,11.26666667,14.5,4.7361693,62.04,5.805
2020-06-12,11.27333333,14.5,9.170672,62.04,5.785
2020-06-13,11.28,14.5,23.92218,62.04,5.786666667
2020-06-14,11.28666667,14.5,15.354842,62.04,5.788333333
2020-06-15,11.29333333,14.5,6.9081707,62.04,5.79
2020-06-16,11.3,14.5,0,62.04,5.7925
2020-06-17,11.30666667,14.5,0,62.04,5.79
2020-06-18,11.31333333,14.5,20.241844,62.04,5.8
2020-06-19,11.32,14.5,25.732182,62.04,5.8
2020-06-20,11.32666667,14.5,0,62.04,5.8
2020-06-21,11.33333333,14.5,13.182841,62.04,5.8
2020-06-22,11.34,14.5,12.489007,58.33,5.8
2020-06-23,11.34666667,14.5,13.424174,58.33,5.8
2020-06-24,11.35333333,14.5,13.876675,58.33,5.79
2020-06-25,11.36,14.5,10.890173,58.33,5.79
2020-06-26,11.36666667,14.5,18.00951,58.33,5.79
2020-06-27,11.37333333,14.5,9.381839,58.33,5.79
2020-06-28,11.38,14.5,18.371511,58.33,5.79
2020-06-29,11.38666667,14.5,11.765007,58.33,5.79
2020-06-30,11.39333333,14.5,11.855507,58.33,5.785
2020-07-01,11.4,14.5,0,58.33,5.77
2020-07-02,11.37096774,14.5,37.82902,58.33,5.77
2020-07-03,11.34193548,14.5,21.026178,58.33,5.82
2020-07-04,11.31290323,14.5,29.92535,58.33,5.816666667
2020-07-05,11.28387097,14.5,26.878515,58.33,5.813333333
2020-07-06,11.25483871,14.5,25.762348,58.33,5.81
2020-07-07,11.22580645,14.5,19.336845,58.33,5.775
2020-07-08,11.19677419,14.5,0,58.33,5.78
2020-07-09,11.16774194,14.5,23.680847,58.33,5.77
2020-07-10,11.13870968,14.5,8.145004,58.33,5.77
2020-07-11,11.10967742,14.5,14.178342,58.33,5.77
2020-07-12,11.08064516,14.5,7.9640045,58.33,5.77
2020-07-13,11.0516129,14.5,5.36967,58.33,5.77
2020-07-14,11.02258065,14.5,20.965845,58.33,5.755
2020-07-15,10.99354839,14.5,13.484508,58.33,5.75
2020-07-16,10.96451613,14.5,14.721342,58.33,5.77
2020-07-17,10.93548387,14.5,18.311178,58.33,5.745
2020-07-18,10.90645161,14.5,23.01718,58.33,5.746666667
2020-07-19,10.87741935,14.5,16.863176,58.33,5.748333333
2020-07-20,10.8483871,14.5,20.603846,58.33,5.75
2020-07-21,10.81935484,14.5,20.935678,58.33,5.76
2020-07-22,10.79032258,14.5,20.845179,58.33,5.8
2020-07-23,10.76129032,14.5,23.952347,58.33,5.8
2020-07-24,10.73225806,14.5,17.677677,58.33,5.79
2020-07-25,10.70322581,14.5,16.048676,58.33,5.788333333
2020-07-26,10.67419355,14.5,19.759178,52.78,5.786666667
2020-07-27,10.64516129,14.5,23.590347,52.78,5.785
2020-07-28,10.61612903,14.5,22.202679,52.78,5.7775
2020-07-29,10.58709677,14.5,10.82984,52.78,5.765
2020-07-30,10.55806452,14.5,21.901012,52.78,5.785
2020-07-31,10.52903226,14.5,23.74118,52.78,5.76
2020-08-01,10.5,14.5,24.073013,52.78,5.765
2020-08-02,10.49677419,14.5,20.784845,52.78,5.77
2020-08-03,10.49354839,14.5,17.315678,52.78,5.775
2020-08-04,10.49032258,14.5,17.10451,52.78,5.775
2020-08-05,10.48709677,14.5,13.7258415,52.78,5.775
2020-08-06,10.48387097,14.5,13.152675,52.78,5.775
2020-08-07,10.48064516,14.5,14.178342,52.78,5.775
2020-08-08,10.47741935,14.5,6.304837,52.78,5.768333333
2020-08-09,10.47419355,14.5,5.792003,52.78,5.761666667
2020-08-10,10.47096774,14.5,5.068003,52.78,5.755
2020-08-11,10.46774194,14.5,4.615503,52.78,5.755
2020-08-12,10.46451613,14.5,3.6803355,52.78,5.76
2020-08-13,10.46129032,14.5,6.5160036,52.78,5.76
2020-08-14,10.45806452,14.5,4.4345026,52.78,5.755
2020-08-15,10.45483871,14.5,9.713673,52.78,5.755
2020-08-16,10.4516129,14.5,3.650169,52.78,5.755
2020-08-17,10.4483871,14.5,10.256673,52.78,5.755
2020-08-18,10.44516129,14.5,3.0468352,52.78,5.755
2020-08-19,10.44193548,14.5,5.0076694,52.78,5.77
2020-08-20,10.43870968,14.5,1.9608345,52.78,5.77
2020-08-21,10.43548387,14.5,5.430003,52.78,5.78
2020-08-22,10.43225806,14.5,3.5295022,52.78,5.78
2020-08-23,10.42903226,14.5,2.865835,52.78,5.78
2020-08-24,10.42580645,14.5,1.5686675,52.78,5.78
2020-08-25,10.42258065,14.5,2.1720014,52.78,5.765
2020-08-26,10.41935484,14.5,3.2580018,52.78,5.77
2020-08-27,10.41612903,14.5,5.09817,52.78,5.77
2020-08-28,10.41290323,14.5,2.6245015,52.78,5.785
2020-08-29,10.40967742,14.5,0,52.78,5.783333333
2020-08-30,10.40645161,14.5,7.6925044,52.78,5.781666667
2020-08-31,10.40322581,14.5,4.7361693,52.78,5.78
2020-09-01,10.4,14.5,1.236834,44.44,5.78
2020-09-02,10.39,14.5,1.6591676,44.44,5.78
2020-09-03,10.38,14.5,1.9306678,44.44,5.77
2020-09-04,10.37,14.5,2.7753348,44.44,5.795
2020-09-05,10.36,14.5,4.3138356,44.44,5.788333333
2020-09-06,10.35,14.5,5.309336,44.44,5.781666667
2020-09-07,10.34,14.5,3.7708356,44.44,5.775
2020-09-08,10.33,14.5,2.2625012,44.44,5.78
2020-09-09,10.32,14.5,1.3876674,44.44,5.78
2020-09-10,10.31,14.5,1.7798344,44.44,5.78
2020-09-11,10.3,14.5,2.383168,44.44,5.79
2020-09-12,10.29,14.5,0.8748338,44.44,5.786666667
2020-09-13,10.28,14.5,1.6290009,44.44,5.783333333
2020-09-14,10.27,14.5,1.7798344,44.44,5.78
2020-09-15,10.26,14.5,1.3876674,44.44,5.78
2020-09-16,10.25,14.5,2.9261684,44.44,5.785
2020-09-17,10.24,14.5,0.6033337,44.44,5.78
2020-09-18,10.23,14.5,3.831169,44.44,5.78
2020-09-19,10.22,14.5,1.7496676,44.44,5.788333333
2020-09-20,10.21,14.5,1.6290009,44.44,5.796666667
2020-09-21,10.2,14.5,1.1161673,44.44,5.805
2020-09-22,10.19,14.5,2.0815012,44.44,5.805
2020-09-23,10.18,14.5,3.9518356,44.44,5.79
2020-09-24,10.17,14.5,1.0256673,44.44,5.79
2020-09-25,10.16,14.5,1.719501,44.44,5.79
2020-09-26,10.15,14.5,1.146334,44.44,5.79
2020-09-27,10.14,14.5,4.3440027,44.44,5.79
2020-09-28,10.13,14.5,0.9050005,44.44,5.79
2020-09-29,10.12,14.5,1.146334,44.44,5.79
2020-09-30,10.11,14.5,2.2323346,44.44,5.79
2020-10-01,10.1,14.5,1.0558339,44.44,5.8025
2020-10-02,10.09032258,14.5,0.78433377,44.44,5.8
2020-10-03,10.08064516,14.5,0,44.44,5.8
2020-10-04,10.07096774,14.5,0,44.44,5.8
2020-10-05,10.06129032,14.5,3.5596688,44.44,5.8
2020-10-06,10.0516129,14.5,0.51283365,44.44,5.8
2020-10-07,10.04193548,14.5,0.6938337,44.44,5.85
2020-10-08,10.03225806,14.5,0.54300034,44.44,5.8
2020-10-09,10.02258065,14.5,0.7541671,44.44,5.8
2020-10-10,10.01290323,14.5,2.0211678,44.44,5.8
2020-10-11,10.00322581,14.5,0.8748338,44.44,5.8
2020-10-12,9.993548387,14.5,0.7541671,44.44,5.8
2020-10-13,9.983870968,14.5,0.663667,44.44,5.8
2020-10-14,9.974193548,14.5,0.78433377,44.44,5.8
2020-10-15,9.964516129,14.5,0.99550056,44.44,5.8
2020-10-16,9.95483871,14.5,2.3530014,44.44,5.82
2020-10-17,9.94516129,14.5,1.8703344,44.44,5.816666667
2020-10-18,9.935483871,14.5,2.684835,44.44,5.813333333
2020-10-19,9.925806452,14.5,2.3228347,44.44,5.81
2020-10-20,9.916129032,14.5,1.9005011,44.44,5.82
2020-10-21,9.906451613,14.5,1.4480008,44.44,5.82
2020-10-22,9.896774194,14.5,1.236834,44.44,5.82
2020-10-23,9.887096774,14.5,1.6591676,44.44,5.8175
2020-10-24,9.877419355,14.5,0.9050005,44.44,5.820833333
2020-10-25,9.867741935,14.5,0,44.44,5.824166667
2020-10-26,9.858064516,14.5,4.012169,44.44,5.8275
2020-10-27,9.848387097,14.5,2.5038347,44.44,5.8275
2020-10-28,9.838709677,14.5,1.9306678,44.44,5.8275
2020-10-29,9.829032258,14.5,2.0815012,44.44,5.8275
2020-10-30,9.819354839,14.5,2.292668,38.89,5.8275
2020-10-31,9.809677419,14.5,0,38.89,5.823333333
2020-11-01,9.8,14.5,9.381839,38.89,5.819166667
2020-11-02,9.82,14.5,3.9820023,38.89,5.815
2020-11-03,9.84,14.5,4.3741693,38.89,5.845
2020-11-04,9.86,14.5,3.4993353,38.89,5.835
2020-11-05,9.88,14.5,0,38.89,5.8325
2020-11-06,9.9,14.5,8.989672,38.89,5.83
2020-11-07,9.92,14.5,3.0166683,38.89,5.830833333
2020-11-08,9.94,14.5,0,38.89,5.831666667
2020-11-09,9.96,14.5,0,38.89,5.8325
2020-11-10,9.98,14.5,0,38.89,5.8175
2020-11-11,10,14.5,21.599346,38.89,5.8325
2020-11-12,10.02,14.5,3.167502,38.89,5.835
2020-11-13,10.04,14.5,0,38.89,5.8325
2020-11-14,10.06,14.5,7.632171,38.89,5.8325
2020-11-15,10.08,14.5,2.4435015,38.89,5.8325
2020-11-16,10.1,14.5,0,38.89,5.8325
2020-11-17,10.12,14.5,5.249003,38.89,5.82
2020-11-18,10.14,14.5,0,38.89,5.8325
2020-11-19,10.16,14.5,7.3305044,38.89,5.8325
2020-11-20,10.18,14.5,2.0211678,38.89,5.83
2020-11-21,10.2,14.5,0,38.89,5.830833333
2020-11-22,10.22,14.5,7.3305044,38.89,5.831666667
2020-11-23,10.24,14.5,1.236834,38.89,5.8325
2020-11-24,10.26,14.5,1.4781675,38.89,5.8325
2020-11-25,10.28,14.5,3.167502,38.89,5.85
2020-11-26,10.3,14.5,2.9261684,38.89,5.855
2020-11-27,10.32,14.5,2.8055017,38.89,5.845
2020-11-28,10.34,14.5,2.956335,38.89,5.853333333
2020-11-29,10.36,14.5,3.7105021,38.89,5.861666667
2020-11-30,10.38,14.5,3.1071684,38.89,5.87
2020-12-01,10.4,14.5,6.123837,38.89,5.855
2020-12-02,10.38387097,14.5,3.0770018,38.89,5.86
2020-12-03,10.36774194,14.5,2.292668,38.89,5.86
2020-12-04,10.3516129,14.5,0,38.89,5.86
2020-12-05,10.33548387,14.5,6.817671,38.89,5.846666667
2020-12-06,10.31935484,14.5,3.6803355,38.89,5.833333333
2020-12-07,10.30322581,14.5,3.4993353,38.89,5.82
2020-12-08,10.28709677,14.5,0,38.89,5.835
2020-12-09,10.27096774,14.5,5.8825035,38.89,5.86
2020-12-10,10.25483871,14.5,2.4435015,38.89,5.86
2020-12-11,10.23870968,14.5,0,38.89,5.85
2020-12-12,10.22258065,14.5,0,38.89,5.853333333
2020-12-13,10.20645161,14.5,11.222007,38.89,5.856666667
2020-12-14,10.19032258,14.5,0,38.89,5.86
2020-12-15,10.17419355,14.5,5.037836,38.89,5.86
2020-12-16,10.15806452,14.5,3.0166683,38.89,5.86
2020-12-17,10.14193548,14.5,0,38.89,5.86
2020-12-18,10.12580645,14.5,0,38.89,5.86
2020-12-19,10.10967742,14.5,9.080172,38.89,5.886666667
2020-12-20,10.09354839,14.5,2.684835,38.89,5.913333333
2020-12-21,10.07741935,14.5,0,38.89,5.94
2020-12-22,10.06129032,14.5,0,38.89,5.9
2020-12-23,10.04516129,14.5,7.3305044,38.89,5.885
2020-12-24,10.02903226,14.5,3.4691687,38.89,5.8663
2020-12-25,10.01290323,14.5,3.0770018,38.89,5.8663
2020-12-26,9.996774194,14.5,0,38.89,5.8692
2020-12-27,9.980645161,14.5,5.36967,38.89,5.8721
2020-12-28,9.964516129,14.5,2.7150016,38.89,5.875
2020-12-29,9.948387097,14.5,0,38.89,5.875
2020-12-30,9.932258065,14.5,4.7965026,38.89,5.875
2020-12-31,9.916129032,14.5,4.0423355,38.89,5.88
2021-01-01,9.9,14.5,3.137335,38.89,5.88
2021-01-02,9.912903226,14.5,0,38.89,5.876666667
2021-01-03,9.925806452,14.5,0,38.89,5.873333333
2021-01-04,9.938709677,14.5,8.838839,38.89,5.87
2021-01-05,9.951612903,14.5,0,38.89,5.87
2021-01-06,9.964516129,14.5,9.381839,38.89,5.86
2021-01-07,9.977419355,14.5,0,38.89,5.86
2021-01-08,9.990322581,14.5,13.816341,38.89,5.8675
2021-01-09,10.00322581,14.5,5.7618365,38.89,5.865
2021-01-10,10.01612903,14.5,0,38.89,5.8625
2021-01-11,10.02903226,14.5,0,38.89,5.86
2021-01-12,10.04193548,14.5,16.893343,38.89,5.855
2021-01-13,10.05483871,14.5,0,38.89,5.83
2021-01-14,10.06774194,14.5,0,38.89,5.83
2021-01-15,10.08064516,14.5,22.112179,35.19,5.845
2021-01-16,10.09354839,14.5,10.588506,35.19,5.84
2021-01-17,10.10645161,14.5,11.041006,35.19,5.835
2021-01-18,10.11935484,14.5,11.795174,35.19,5.83
2021-01-19,10.13225806,14.5,19.849678,35.19,5.83
2021-01-20,10.14516129,14.5,19.155844,35.19,5.83
2021-01-21,10.15806452,14.5,20.48318,35.19,5.845
2021-01-22,10.17096774,14.5,20.965845,35.19,5.83
2021-01-23,10.18387097,14.5,19.487679,35.19,5.83
2021-01-24,10.19677419,14.5,18.582678,35.19,5.83
2021-01-25,10.20967742,14.5,0,38.89,5.83
2021-01-26,10.22258065,14.5,26.938848,38.89,5.83
2021-01-27,10.23548387,14.5,22.534513,38.89,5.83
2021-01-28,10.2483871,14.5,31.252686,38.89,5.82
2021-01-29,10.26129032,14.5,23.801514,38.89,5.815
2021-01-30,10.27419355,14.5,23.952347,38.89,5.816666667
2021-01-31,10.28709677,14.5,23.288681,38.89,5.818333333
2021-02-01,10.3,14.5,23.439514,38.89,5.82
2021-02-02,10.3,14.5,14.057674,38.89,5.815
2021-02-03,10.3,14.5,30.800184,38.89,5.81
2021-02-04,10.3,14.5,21.780346,38.89,5.82
2021-02-05,10.3,14.5,23.077513,38.89,5.815
2021-02-06,10.3,14.5,23.982513,38.89,5.811666667
2021-02-07,10.3,14.5,20.362513,38.89,5.808333333
2021-02-08,10.3,14.5,16.712343,38.89,5.805
2021-02-09,10.3,14.5,23.83168,38.89,5.805
2021-02-10,10.3,14.5,23.258514,38.89,5.805
2021-02-11,10.3,14.5,21.65968,38.89,5.81
2021-02-12,10.3,14.5,19.789345,38.89,5.815
2021-02-13,10.3,14.5,16.712343,38.89,5.811666667
2021-02-14,10.3,14.5,21.177011,38.89,5.808333333
2021-02-15,10.3,14.5,15.777176,38.89,5.805
2021-02-16,10.3,14.5,12.609674,38.89,5.805
2021-02-17,10.3,14.5,14.359342,38.89,5.8
2021-02-18,10.3,14.5,14.811842,38.89,5.775
2021-02-19,10.3,14.5,0,38.89,5.775
2021-02-20,10.3,14.5,33.273853,38.89,5.771666667
2021-02-21,10.3,14.5,14.661009,38.89,5.768333333
2021-02-22,10.3,14.5,12.911341,38.89,5.765
2021-02-23,10.3,14.5,0,44.44,5.75
2021-02-24,10.3,14.5,27.542183,44.44,5.755
2021-02-25,10.3,14.5,18.884344,44.44,5.755
2021-02-26,10.3,14.5,12.1270075,44.44,5.755
2021-02-27,10.3,14.5,12.338174,44.44,5.753333333
2021-02-28,10.3,14.5,9.834339,44.44,5.751666667
2021-03-01,10.3,14.5,0,44.44,5.75
2021-03-02,10.24193548,14.5,26.848349,44.44,5.74
2021-03-03,10.18387097,14.5,15.173842,44.44,5.725
2021-03-04,10.12580645,14.5,10.558339,44.44,5.735
2021-03-05,10.06774194,14.5,11.252173,44.44,5.725
2021-03-06,10.00967742,14.5,8.2053385,44.44,5.73
2021-03-07,9.951612903,14.5,7.1193376,50.93,5.735
2021-03-08,9.893548387,14.5,3.0770018,50.93,5.74
2021-03-09,9.835483871,14.5,5.2791696,50.93,5.74
2021-03-10,9.777419355,14.5,6.9383373,50.93,5.74
2021-03-11,9.719354839,14.5,8.507005,50.93,5.74
2021-03-12,9.661290323,14.5,6.7271705,50.93,5.73
2021-03-13,9.603225806,14.5,7.3305044,50.93,5.728333333
2021-03-14,9.54516129,14.5,5.8221703,50.93,5.726666667
2021-03-15,9.487096774,14.5,0,50.93,5.725
2021-03-16,9.429032258,14.5,17.707844,50.93,5.735
2021-03-17,9.370967742,14.5,8.084671,50.93,5.735
2021-03-18,9.312903226,14.5,6.757337,50.93,5.735
2021-03-19,9.25483871,14.5,5.520503,50.93,5.735
2021-03-20,9.196774194,14.5,3.137335,50.93,5.736666667
2021-03-21,9.138709677,14.5,3.1976686,50.93,5.738333333
2021-03-22,9.080645161,14.5,3.1976686,50.93,5.74
2021-03-23,9.022580645,14.5,0,50.93,5.745
2021-03-24,8.964516129,14.5,0,50.93,5.75
2021-03-25,8.906451613,14.5,8.688005,50.93,5.765
2021-03-26,8.848387097,14.5,0,50.93,5.765
2021-03-27,8.790322581,14.5,0,50.93,5.77
2021-03-28,8.732258065,14.5,7.994171,50.93,5.775
2021-03-29,8.674193548,14.5,0.9351672,50.93,5.78
2021-03-30,8.616129032,14.5,1.9910011,47.22,5.78
2021-03-31,8.558064516,14.5,0.7541671,47.22,5.785
2021-04-01,8.5,14.5,3.2580018,47.22,5.8
2021-04-02,8.466666667,14.46666667,3.5596688,47.22,5.78
2021-04-03,8.433333333,14.43333333,1.3876674,47.22,5.78
2021-04-04,8.4,14.4,1.9005011,47.22,5.78
2021-04-05,8.366666667,14.36666667,0,47.22,5.78
2021-04-06,8.333333333,14.33333333,3.0166683,47.22,5.79
2021-04-07,8.3,14.3,0,47.22,5.78
2021-04-08,8.266666667,14.26666667,4.555169,47.22,5.78
2021-04-09,8.233333333,14.23333333,0,47.22,5.78
2021-04-10,8.2,14.2,4.5250025,47.22,5.776666667
2021-04-11,8.166666667,14.16666667,2.0211678,47.22,5.773333333
2021-04-12,8.133333333,14.13333333,0,47.22,5.77
2021-04-13,8.1,14.1,2.0513346,47.22,5.775
2021-04-14,8.066666667,14.06666667,0,47.22,5.78
2021-04-15,8.033333333,14.03333333,3.5596688,47.22,5.785
2021-04-16,8,14,1.3876674,47.22,5.78
2021-04-17,7.966666667,13.96666667,2.2323346,47.22,5.776666667
2021-04-18,7.933333333,13.93333333,0,47.22,5.773333333
2021-04-19,7.9,13.9,4.3741693,47.22,5.77
2021-04-20,7.866666667,13.86666667,0,47.22,5.78
2021-04-21,7.833333333,13.83333333,0,50.93,5.775
2021-04-22,7.8,13.8,7.179671,50.93,5.78
2021-04-23,7.766666667,13.76666667,2.6245015,50.93,5.7825
2021-04-24,7.733333333,13.73333333,0,50.93,5.781666667
2021-04-25,7.7,13.7,6.3651705,50.93,5.780833333
2021-04-26,7.666666667,13.66666667,1.4781675,50.93,5.78
2021-04-27,7.633333333,13.63333333,1.4781675,50.93,5.775
2021-04-28,7.6,13.6,1.1765007,50.93,5.785
2021-04-29,7.566666667,13.56666667,0,50.93,5.77
2021-04-30,7.533333333,13.53333333,2.473668,50.93,5.785
2021-05-01,7.5,13.5,1.719501,50.93,5.785
2021-05-02,7.509677419,13.5,0,50.93,5.785
2021-05-03,7.519354839,13.5,2.654668,42.59,5.785
2021-05-04,7.529032258,13.5,0.84466714,42.59,5.77
2021-05-05,7.538709677,13.5,0,42.59,5.77
2021-05-06,7.548387097,13.5,2.865835,42.59,5.77
2021-05-07,7.558064516,13.5,1.810001,42.59,5.775
2021-05-08,7.567741935,13.5,0,42.59,5.771666667
2021-05-09,7.577419355,13.5,0,42.59,5.768333333
2021-05-10,7.587096774,13.5,3.439002,42.59,5.765
2021-05-11,7.596774194,13.5,1.0256673,42.59,5.76
2021-05-12,7.606451613,13.5,2.5340016,42.59,5.765
2021-05-13,7.616129032,13.5,0,42.59,5.765
2021-05-14,7.625806452,13.5,2.7150016,42.59,5.765
2021-05-15,7.635483871,13.5,0,42.59,5.765
2021-05-16,7.64516129,13.5,3.7105021,42.59,5.765
2021-05-17,7.65483871,13.5,0,42.59,5.765
2021-05-18,7.664516129,13.5,1.9608345,42.59,5.765
2021-05-19,7.674193548,13.5,1.8703344,42.59,5.765
2021-05-20,7.683870968,13.5,1.1161673,42.59,5.765
2021-05-21,7.693548387,13.5,0.7240004,42.59,5.785
2021-05-22,7.703225806,13.5,0,42.59,5.786666667
2021-05-23,7.712903226,13.5,2.0211678,42.59,5.788333333
2021-05-24,7.722580645,13.5,0.3620002,42.59,5.79
2021-05-25,7.732258065,13.5,1.5686675,42.59,5.78
2021-05-26,7.741935484,13.5,0,42.59,5.785
2021-05-27,7.751612903,13.5,3.7105021,42.59,5.8025
2021-05-28,7.761290323,13.5,0,42.59,5.78
2021-05-29,7.770967742,13.5,3.4088354,42.59,5.788333333
2021-05-30,7.780645161,13.5,0,42.59,5.796666667
2021-05-31,7.790322581,13.5,0,42.59,5.805
2021-06-01,7.8,13.5,0,42.59,5.79
2021-06-02,7.84,13.5,5.3395033,42.59,5.805
2021-06-03,7.88,13.5,1.2066674,42.59,5.805
2021-06-04,7.92,13.5,0,42.59,5.78
2021-06-05,7.96,13.5,0,42.59,5.793333333
2021-06-06,8,13.5,4.2535024,42.59,5.806666667
2021-06-07,8.04,13.5,0,42.59,5.82
2021-06-08,8.08,13.5,2.2625012,42.59,5.82
2021-06-09,8.12,13.5,1.4781675,42.59,5.82
2021-06-10,8.16,13.5,0,42.59,5.82
2021-06-11,8.2,13.5,0,42.59,5.79
2021-06-12,8.24,13.5,8.295838,42.59,5.793333333
2021-06-13,8.28,13.5,1.6893343,42.59,5.796666667
2021-06-14,8.32,13.5,0,42.59,5.8
2021-06-15,8.36,13.5,2.684835,42.59,5.8
2021-06-16,8.4,13.5,0,42.59,5.8
2021-06-17,8.44,13.5,0,42.59,5.805
2021-06-18,8.48,13.5,4.404336,42.59,5.81
2021-06-19,8.52,13.5,0,42.59,5.816666667
2021-06-20,8.56,13.5,5.3395033,42.59,5.823333333
2021-06-21,8.6,13.5,0.6938337,42.59,5.83
2021-06-22,8.64,13.5,0,42.59,5.83
2021-06-23,8.68,13.5,3.3183353,42.59,5.83
2021-06-24,8.72,13.5,3.2278352,42.59,5.8375
2021-06-25,8.76,13.5,5.0076694,42.59,5.84
2021-06-26,8.8,13.5,0,42.59,5.845
2021-06-27,8.84,13.5,8.2053385,42.59,5.85
2021-06-28,8.88,13.5,0,42.59,5.855
2021-06-29,8.92,13.5,4.615503,42.59,5.855
2021-06-30,8.96,13.5,0,42.59,5.89
2021-07-01,9,13.5,7.5416713,42.59,5.89
2021-07-02,9.022580645,13.5,2.5641682,42.59,5.905
2021-07-03,9.04516129,13.5,0,42.59,5.903333333
2021-07-04,9.067741935,13.5,9.231006,42.59,5.901666667
2021-07-05,9.090322581,13.5,0,42.59,5.9
2021-07-06,9.112903226,13.5,7.933838,42.59,5.93
2021-07-07,9.135483871,13.5,4.7965026,42.59,5.93
2021-07-08,9.158064516,13.5,0,42.59,5.93
2021-07-09,9.180645161,13.5,13.7258415,42.59,5.915
2021-07-10,9.203225806,13.5,4.3138356,42.59,5.92
2021-07-11,9.225806452,13.5,0,42.59,5.925
2021-07-12,9.248387097,13.5,11.6443405,42.59,5.93
2021-07-13,9.270967742,13.5,0,42.59,5.93
2021-07-14,9.293548387,13.5,9.683506,42.59,5.93
2021-07-15,9.316129032,13.5,11.523673,42.59,5.9525
2021-07-16,9.338709677,13.5,10.347173,42.59,5.955
2021-07-17,9.361290323,13.5,0,42.59,5.946666667
2021-07-18,9.383870968,13.5,17.315678,42.59,5.938333333
2021-07-19,9.406451613,13.5,7.240004,42.59,5.93
2021-07-20,9.429032258,13.5,8.326005,42.59,5.97
2021-07-21,9.451612903,13.5,0,42.59,5.94
2021-07-22,9.474193548,13.5,27.75335,42.59,5.955
2021-07-23,9.496774194,13.5,0,42.59,5.8925
2021-07-24,9.519354839,13.5,28.145515,42.59,5.918333333
2021-07-25,9.541935484,13.5,14.057674,42.59,5.944166667
2021-07-26,9.564516129,13.5,13.575007,42.59,5.97
2021-07-27,9.587096774,13.5,0,42.59,5.97
2021-07-28,9.609677419,13.5,0,42.59,5.98
2021-07-29,9.632258065,13.5,0,42.59,5.98
2021-07-30,9.65483871,13.5,0,42.59,5.98
2021-07-31,9.677419355,13.5,0,42.59,5.986666667
2021-08-01,9.7,13.5,0,42.59,5.993333333
2021-08-02,9.729032258,13.5,59.5792,42.59,6
2021-08-03,9.758064516,13.5,15.626343,42.59,6
2021-08-04,9.787096774,13.5,16.320177,42.59,5.99
2021-08-05,9.816129032,13.5,11.493506,42.59,6
2021-08-06,9.84516129,13.5,41.720524,42.59,6.005
2021-08-07,9.874193548,13.5,12.338174,42.59,6.005
2021-08-08,9.903225806,13.5,13.605175,42.59,6.005
2021-08-09,9.932258065,13.5,10.407506,42.59,6.005
2021-08-10,9.961290323,13.5,12.247674,42.59,6.02
2021-08-11,9.990322581,13.5,9.291339,42.59,6.02
2021-08-12,10.01935484,13.5,17.19501,42.59,6.02
2021-08-13,10.0483871,13.5,27.93435,42.59,6.02
2021-08-14,10.07741935,13.5,0,42.59,6.02
2021-08-15,10.10645161,13.5,34.57102,42.59,6.02
2021-08-16,10.13548387,13.5,16.591677,44.44,6.02
2021-08-17,10.16451613,13.5,0,44.44,6.03
2021-08-18,10.19354839,13.5,31.041517,44.44,6.04
2021-08-19,10.22258065,13.5,18.91451,44.44,6
2021-08-20,10.2516129,13.5,15.626343,44.44,6.005
2021-08-21,10.28064516,13.5,12.760508,44.44,6.016666667
2021-08-22,10.30967742,13.5,0,44.44,6.028333333
2021-08-23,10.33870968,13.5,27.632683,44.44,6.04
2021-08-24,10.36774194,13.5,18.069843,44.44,6.04
2021-08-25,10.39677419,13.5,17.979343,44.44,6.04
2021-08-26,10.42580645,13.5,19.00501,44.44,6.04
2021-08-27,10.45483871,13.5,0,44.44,6
2021-08-28,10.48387097,13.5,35.29502,44.44,6.013333333
2021-08-29,10.51290323,13.5,0,40.74,6.026666667
2021-08-30,10.54193548,13.5,17.10451,40.74,6.04
2021-08-31,10.57096774,13.5,13.544841,40.74,6.04
2021-09-01,10.6,13.5,0,40.74,6.05
2021-09-02,10.61333333,13.5,25.792515,40.74,5.95
2021-09-03,10.62666667,13.5,0,40.74,6.06
2021-09-04,10.64,13.5,25.641682,40.74,6.06
2021-09-05,10.65333333,13.5,0,40.74,6.06
2021-09-06,10.66666667,13.5,11.6443405,40.74,6.06
2021-09-07,10.68,13.5,7.1193376,40.74,5.985
2021-09-08,10.69333333,13.5,0,40.74,6.05
2021-09-09,10.70666667,13.5,22.38368,40.74,6.04
2021-09-10,10.72,13.5,10.64884,40.74,6.04
2021-09-11,10.73333333,13.5,0,40.74,6.021666667
2021-09-12,10.74666667,13.5,0,40.74,6.003333333
2021-09-13,10.76,13.5,0,40.74,5.985
2021-09-14,10.77333333,13.5,26.124348,40.74,6.03
2021-09-15,10.78666667,13.5,7.994171,40.74,5.995
2021-09-16,10.8,13.5,7.722671,40.74,5.985
2021-09-17,10.81333333,13.5,9.170672,40.74,5.985
2021-09-18,10.82666667,13.5,7.994171,40.74,6.003333333
2021-09-19,10.84,13.5,0,40.74,6.021666667
2021-09-20,10.85333333,13.5,9.532672,40.74,6.04
2021-09-21,10.86666667,13.5,5.037836,40.74,6.045
2021-09-22,10.88,13.5,0,40.74,5.985
2021-09-23,10.89333333,13.5,9.291339,40.74,6.038
2021-09-24,10.90666667,13.5,0,40.74,5.995
2021-09-25,10.92,13.5,11.91584,40.74,6.01
2021-09-26,10.93333333,13.5,0,40.74,6.025
2021-09-27,10.94666667,13.5,0,40.74,6.04
2021-09-28,10.96,13.5,14.057674,40.74,6.01
2021-09-29,10.97333333,13.5,0,40.74,6.05
2021-09-30,10.98666667,13.5,11.946007,40.74,6.05
2021-10-01,11,13.5,0,40.74,6.05
2021-10-02,11.03870968,13.53225806,8.476838,40.74,6.05
2021-10-03,11.07741935,13.56451613,0,40.74,6.05
2021-10-04,11.11612903,13.59677419,6.304837,40.74,6.05
2021-10-05,11.15483871,13.62903226,3.0770018,40.74,6.065
2021-10-06,11.19354839,13.66129032,4.2535024,40.74,6.065
2021-10-07,11.23225806,13.69354839,3.921669,40.74,6.065
2021-10-08,11.27096774,13.72580645,4.404336,40.74,6.045
2021-10-09,11.30967742,13.75806452,4.1630025,40.74,6.051666667
2021-10-10,11.3483871,13.79032258,2.0211678,40.74,6.058333333
2021-10-11,11.38709677,13.82258065,2.2625012,40.74,6.065
2021-10-12,11.42580645,13.85483871,2.7451682,40.74,6.065
2021-10-13,11.46451613,13.88709677,0,40.74,6.065
2021-10-14,11.50322581,13.91935484,5.4903364,40.74,6.065
2021-10-15,11.54193548,13.9516129,2.8356683,40.74,6.065
2021-10-16,11.58064516,13.98387097,1.7496676,40.74,6.068333333
2021-10-17,11.61935484,14.01612903,1.7798344,40.74,6.071666667
2021-10-18,11.65806452,14.0483871,0.7541671,40.74,6.075
2021-10-19,11.69677419,14.08064516,1.9005011,40.74,6.035
2021-10-20,11.73548387,14.11290323,1.9910011,40.74,6.015
2021-10-21,11.77419355,14.14516129,0,40.74,6.075
2021-10-22,11.81290323,14.17741935,4.3138356,40.74,6.09
2021-10-23,11.8516129,14.20967742,1.810001,40.74,6.093333333
2021-10-24,11.89032258,14.24193548,0.99550056,40.74,6.096666667
2021-10-25,11.92903226,14.27419355,1.0860007,40.74,6.1
2021-10-26,11.96774194,14.30645161,0,40.74,6.11
2021-10-27,12.00645161,14.33870968,0,40.74,6.075
2021-10-28,12.04516129,14.37096774,6.335004,40.74,6.075
2021-10-29,12.08387097,14.40322581,0,40.74,6.11
2021-10-30,12.12258065,14.43548387,0,40.74,6.11
2021-10-31,12.16129032,14.46774194,3.137335,40.74,6.11
2021-11-01,12.2,14.5,0.3318335,40.74,6.11
2021-11-02,12.21333333,14.5,1.6290009,40.74,6.11
2021-11-03,12.22666667,14.5,1.810001,40.74,6.11
2021-11-04,12.24,14.5,1.0558339,40.74,6.1
2021-11-05,12.25333333,14.5,1.146334,40.74,6.1
2021-11-06,12.26666667,14.5,0.573167,40.74,6.103333333
2021-11-07,12.28,14.5,0,40.74,6.106666667
2021-11-08,12.29333333,14.5,1.236834,40.74,6.11
2021-11-09,12.30666667,14.5,0,40.74,6.125
2021-11-10,12.32,14.5,0,40.74,6.125
2021-11-11,12.33333333,14.5,1.8401678,40.74,6.125
2021-11-12,12.34666667,14.5,0,40.74,6.125
2021-11-13,12.36,14.5,0.51283365,40.74,6.133333333
2021-11-14,12.37333333,14.5,0.51283365,40.74,6.141666667
2021-11-15,12.38666667,14.5,0.24133347,40.74,6.15
2021-11-16,12.4,14.5,0.81450045,40.74,6.15
2021-11-17,12.41333333,14.5,0.6335004,40.74,6.15
2021-11-18,12.42666667,14.5,0.81450045,40.74,6.15
2021-11-19,12.44,14.5,1.0558339,40.74,6.15
2021-11-20,12.45333333,14.5,1.0256673,40.74,6.146666667
2021-11-21,12.46666667,14.5,0.7240004,40.74,6.143333333
2021-11-22,12.48,14.5,0.3620002,40.74,6.14
2021-11-23,12.49333333,14.5,1.7496676,37.96,6.15
2021-11-24,12.50666667,14.5,1.2066674,37.96,6.1275
2021-11-25,12.52,14.5,1.0558339,37.96,6.1275
2021-11-26,12.53333333,14.5,0.51283365,37.96,6.09
2021-11-27,12.54666667,14.5,0.99550056,37.96,6.105833333
2021-11-28,12.56,14.5,0.663667,37.96,6.121666667
2021-11-29,12.57333333,14.5,1.0558339,37.96,6.1375
2021-11-30,12.58666667,14.5,0.6938337,37.96,6.135
2021-12-01,12.6,14.5,0.7240004,37.96,6.1375
2021-12-02,12.64193548,14.5,0.81450045,37.96,6.1
2021-12-03,12.68387097,14.5,0.54300034,37.96,6.165
2021-12-04,12.72580645,14.5,1.4781675,37.96,6.168333333
2021-12-05,12.76774194,14.5,1.1765007,37.96,6.171666667
2021-12-06,12.80967742,14.5,0.8748338,37.96,6.175
2021-12-07,12.8516129,14.5,0.9351672,37.96,6.09
2021-12-08,12.89354839,14.5,1.7798344,37.96,6.125
2021-12-09,12.93548387,14.5,2.292668,37.96,6.1275
2021-12-10,12.97741935,14.5,0,37.96,6.13
2021-12-11,13.01935484,14.5,0,37.96,6.13
2021-12-12,13.06129032,14.5,8.838839,46.09,6.13
2021-12-13,13.10322581,14.5,2.1418345,46.09,6.13
2021-12-14,13.14516129,14.5,6.666837,46.09,6.115
2021-12-15,13.18709677,14.5,0,45.91,6.115
2021-12-16,13.22903226,14.5,0,45.91,6.175
2021-12-17,13.27096774,14.5,27.57235,45.91,6.175
2021-12-18,13.31290323,14.5,0,45.91,6.175
2021-12-19,13.35483871,14.5,29.804684,45.91,6.175
2021-12-20,13.39677419,14.5,15.716843,51.46,6.175
2021-12-21,13.43870968,14.5,0,51.46,6.175
2021-12-22,13.48064516,14.5,56.743534,51.46,6.175
2021-12-23,13.52258065,14.5,0,51.27,6.12
2021-12-24,13.56451613,14.5,76.05021,51.27,6.15
2021-12-25,13.60645161,14.5,38.130688,51.27,6.15
2021-12-26,13.6483871,14.5,32.399017,51.27,6.15
2021-12-27,13.69032258,14.5,0,51.27,6.15
2021-12-28,13.73225806,14.5,0,51.27,6.15
2021-12-29,13.77419355,14.5,81.51038,51.27,6.15
2021-12-30,13.81612903,14.5,31.825851,51.27,6.15
2021-12-31,13.85806452,14.5,32.18785,51.27,6.15
2022-01-01,13.9,14.5,32.700687,51.27,6.15
2022-01-02,13.95806452,14.5,26.426016,51.27,6.15
2022-01-03,14.01612903,14.5,0,51.27,6.15
2022-01-04,14.07419355,14.5,38.85469,51.27,6.1843
2022-01-05,14.13225806,14.5,0,51.27,6.175
2022-01-06,14.19032258,14.5,45.461193,51.27,6.1845
2022-01-07,14.2483871,14.5,0,51.27,6.1845
2022-01-08,14.30645161,14.5,41.29819,51.27,6.178
2022-01-09,14.36451613,14.5,14.661009,51.27,6.1715
2022-01-10,14.42258065,14.5,0,51.27,6.165
2022-01-11,14.48064516,14.5,23.680847,51.27,6.165
2022-01-12,14.53870968,14.5,0,51.27,6.175
2022-01-13,14.59677419,14.5,20.39268,51.12,6.175
2022-01-14,14.65483871,14.5,0,51.12,6.24
2022-01-15,14.71290323,14.5,21.146845,51.12,6.249166667
2022-01-16,14.77096774,14.5,0,51.12,6.258333333
2022-01-17,14.82903226,14.5,0,51.07,6.2675
2022-01-18,14.88709677,14.5,18.250843,51.07,6.24
2022-01-19,14.94516129,14.5,5.09817,51.07,6.27
2022-01-20,15.00322581,14.5,0,51.07,6.265
2022-01-21,15.06129032,14.5,0,51.07,6.245
2022-01-22,15.11935484,14.5,18.311178,51.07,6.245
2022-01-23,15.17741935,14.5,3.620002,51.07,6.245
2022-01-24,15.23548387,14.5,3.7105021,51.07,6.245
2022-01-25,15.29354839,14.5,5.2791696,51.07,6.245
2022-01-26,15.3516129,14.5,3.4691687,51.07,6.24
2022-01-27,15.40967742,14.5,3.4691687,51.07,6.295
2022-01-28,15.46774194,14.5,0,51.07,6.3
2022-01-29,15.52580645,14.5,0,51.07,6.291666667
2022-01-30,15.58387097,14.5,9.050005,51.07,6.283333333
2022-01-31,15.64193548,14.5,0,51.07,6.275
2022-02-01,15.7,14.5,0,51.07,6.275
2022-02-02,15.83214286,14.58928571,9.683506,51.07,6.375
2022-02-03,15.96428571,14.67857143,0,51.07,6.35
2022-02-04,16.09642857,14.76785714,6.335004,51.07,6.4
2022-02-05,16.22857143,14.85714286,0,51.07,6.358333333
2022-02-06,16.36071429,14.94642857,5.0076694,51.07,6.316666667
2022-02-07,16.49285714,15.03571429,0,51.07,6.275
2022-02-08,16.625,15.125,3.650169,51.07,6.4
2022-02-09,16.75714286,15.21428571,3.650169,51.07,6.4
2022-02-10,16.88928571,15.30357143,1.8401678,50.71,6.41
2022-02-11,17.02142857,15.39285714,0,50.71,6.4
2022-02-12,17.15357143,15.48214286,6.4556704,50.71,6.445
2022-02-13,17.28571429,15.57142857,0,50.71,6.49
2022-02-14,17.41785714,15.66071429,0,50.71,6.535
2022-02-15,17.55,15.75,0,50.71,6.59
2022-02-16,17.68214286,15.83928571,17.255342,50.71,6.5
2022-02-17,17.81428571,15.92857143,3.5596688,50.71,6.55
2022-02-18,17.94642857,16.01785714,0,50.71,6.55
2022-02-19,18.07857143,16.10714286,0,50.71,6.566666667
2022-02-20,18.21071429,16.19642857,0,50.71,6.583333333
2022-02-21,18.34285714,16.28571429,0,50.71,6.6
2022-02-22,18.475,16.375,16.591677,50.71,6.6
2022-02-23,18.60714286,16.46428571,0,50.71,6.7
2022-02-24,18.73928571,16.55357143,6.54617,50.71,6.7
2022-02-25,18.87142857,16.64285714,0,50.64,6.74
2022-02-26,19.00357143,16.73214286,4.132836,50.64,6.735
2022-02-27,19.13571429,16.82142857,0,50.64,6.73
2022-02-28,19.26785714,16.91071429,0,50.64,6.725
2022-03-01,19.4,17,0,49.83,6.65
2022-03-02,19.52903226,17,0,49.83,6.875
2022-03-03,19.65806452,17,0,49.83,6.91
2022-03-04,19.78709677,17,0,49.83,7.05
2022-03-05,19.91612903,17,18.462011,49.83,7.058333333
2022-03-06,20.04516129,17,0,49.83,7.066666667
2022-03-07,20.17419355,17,0,49.83,7.075
2022-03-08,20.30322581,17,1.236834,49.83,7.05
2022-03-09,20.43225806,17,0.3620002,49.83,7.05
2022-03-10,20.56129032,17,0.6938337,49.83,7.1
2022-03-11,20.69032258,17,0,49.83,7.1
2022-03-12,20.81935484,17,0,49.83,7.116666667
2022-03-13,20.9483871,17,1.3575008,49.83,7.133333333
2022-03-14,21.07741935,17,0,49.83,7.15
2022-03-15,21.20645161,17,0.42233357,49.83,7.15
2022-03-16,21.33548387,17,0.48266694,49.83,7.3
2022-03-17,21.46451613,17,0.84466714,49.83,7.3
2022-03-18,21.59354839,17,0,49.83,7.45
2022-03-19,21.72258065,17,1.327334,49.83,7.45
2022-03-20,21.8516129,17,0.21116678,49.75,7.45
2022-03-21,21.98064516,17,0,49.75,7.45
2022-03-22,22.10967742,17,0.7240004,49.75,7.5
2022-03-23,22.23870968,17,0.9351672,49.75,7.575
2022-03-24,22.36774194,17,0,49.75,7.37
2022-03-25,22.49677419,17,0,49.75,7.475
2022-03-26,22.62580645,17,0,49.75,7.508333333
2022-03-27,22.75483871,17,0,49.75,7.541666667
2022-03-28,22.88387097,17,0,48.92,7.575
2022-03-29,23.01290323,17,1.3876674,48.9,7.6
2022-03-30,23.14193548,17,0,48.9,7.525
2022-03-31,23.27096774,17,0,48.9,7.525
2022-04-01,23.4,17,1.2971674,48.9,7.525
2022-04-02,23.54,17.06666667,0,48.9,7.5
2022-04-03,23.68,17.13333333,0.6033337,48.9,7.475
2022-04-04,23.82,17.2,0,48.9,7.45
2022-04-05,23.96,17.26666667,0.42233357,48.9,7.42
2022-04-06,24.1,17.33333333,0,48.9,7.55
2022-04-07,24.24,17.4,0,48.9,7.55
2022-04-08,24.38,17.46666667,0.6938337,48.9,7.575
2022-04-09,24.52,17.53333333,0,48.9,7.533333333
2022-04-10,24.66,17.6,0.45250025,48.9,7.491666667
2022-04-11,24.8,17.66666667,0,48.9,7.45
2022-04-12,24.94,17.73333333,0.45250025,48.9,7.6
2022-04-13,25.08,17.8,0,48.9,7.55
2022-04-14,25.22,17.86666667,0,48.9,7.6
2022-04-15,25.36,17.93333333,0,48.9,7.6
2022-04-16,25.5,18,0.39216688,48.9,7.6
2022-04-17,25.64,18.06666667,0.09050005,48.9,7.6
2022-04-18,25.78,18.13333333,0,48.9,7.6
2022-04-19,25.92,18.2,0.21116678,48.9,7.6
2022-04-20,26.06,18.26666667,0,48.9,7.535
2022-04-21,26.2,18.33333333,0,48.9,7.525
2022-04-22,26.34,18.4,0.99550056,48.9,7.6
2022-04-23,26.48,18.46666667,0.39216688,46.1,7.575
2022-04-24,26.62,18.53333333,0.060333367,46.1,7.55
2022-04-25,26.76,18.6,0.030166684,46.1,7.525
2022-04-26,26.9,18.66666667,0.51283365,45.58,7.525
2022-04-27,27.04,18.73333333,0.30166686,45.58,7.525
2022-04-28,27.18,18.8,0.120666735,45.58,7.525
2022-04-29,27.32,18.86666667,0.030166684,45.58,7.525
2022-04-30,27.46,18.93333333,0.030166684,45.58,7.525
2022-05-01,27.6,19,0.30166686,45.26,7.525
2022-05-02,27.67096774,19,0.1810001,45.26,7.525
2022-05-03,27.74193548,19,0.3318335,45.26,7.475
2022-05-04,27.81290323,19,0.27150017,45.26,7.525
2022-05-05,27.88387097,19,0.3318335,45.26,7.525
2022-05-06,27.95483871,19,0.27150017,45.26,7.55
2022-05-07,28.02580645,19,0.21116678,45.26,7.541666667
2022-05-08,28.09677419,19,0.060333367,45.01,7.533333333
2022-05-09,28.16774194,19,0.030166684,45.01,7.525
2022-05-10,28.23870968,19,0.24133347,45.01,7.525
2022-05-11,28.30967742,19,0.39216688,45.01,7.525
2022-05-12,28.38064516,19,0.27150017,45.01,7.525
2022-05-13,28.4516129,19,0.24133347,45.01,7.55
2022-05-14,28.52258065,19,0.3318335,45.01,7.6
2022-05-15,28.59354839,19,0.120666735,44.9,7.65
2022-05-16,28.66451613,19,0.15083343,44.9,7.7
2022-05-17,28.73548387,19,0.060333367,44.9,7.7
2022-05-18,28.80645161,19,0.030166684,44.9,7.7
2022-05-19,28.87741935,19,0.15083343,44.9,7.7
2022-05-20,28.9483871,19,0.39216688,44.9,7.725
2022-05-21,29.01935484,19,0.15083343,44.9,7.725
2022-05-22,29.09032258,19,0.42233357,44.67,7.725
2022-05-23,29.16129032,19,0,44.67,7.725
2022-05-24,29.23225806,19,0,44.67,7.775
2022-05-25,29.30322581,19,0,44.67,7.775
2022-05-26,29.37419355,19,0,44.67,7.775
2022-05-27,29.44516129,19,0,44.67,7.775
2022-05-28,29.51612903,19,2.202168,44.67,7.775
2022-05-29,29.58709677,19,1.146334,44.58,7.775
2022-05-30,29.65806452,19,0,44.58,7.775
2022-05-31,29.72903226,19,0,44.58,7.8
2022-06-01,29.8,19,0,44.58,7.825
2022-06-02,29.86333333,19,0,44.58,7.825
2022-06-03,29.92666667,19,9.472339,44.58,7.9
2022-06-04,29.99,19,1.3876674,44.58,7.891666667
2022-06-05,30.05333333,19,0,44.58,7.883333333
2022-06-06,30.11666667,19,2.8356683,44.58,7.875
2022-06-07,30.18,19,2.0211678,44.58,7.875
2022-06-08,30.24333333,19,5.6110034,44.58,7.875
2022-06-09,30.30666667,19,8.2053385,44.58,7.875
2022-06-10,30.37,19,5.6110034,44.58,7.95
2022-06-11,30.43333333,19,0,44.58,7.95
2022-06-12,30.49666667,19,0,44.58,7.95
2022-06-13,30.56,19,16.440844,44.58,7.95
2022-06-14,30.62333333,19,4.2535024,44.58,7.845
2022-06-15,30.68666667,19,10.075672,44.58,7.95
2022-06-16,30.75,19,0,44.58,7.95
2022-06-17,30.81333333,19,15.023008,44.58,7.975
2022-06-18,30.87666667,19,0,44.58,7.966666667
2022-06-19,30.94,19,11.37284,43.81,7.958333333
2022-06-20,31.00333333,19,2.1418345,43.81,7.95
2022-06-21,31.06666667,19,6.968504,43.81,7.95
2022-06-22,31.13,19,8.838839,43.81,7.95
2022-06-23,31.19333333,19,7.179671,43.81,7.95
2022-06-24,31.25666667,19,5.1886697,43.81,7.955
2022-06-25,31.32,19,6.123837,43.81,7.953333333
2022-06-26,31.38333333,19,0,43.69,7.951666667
2022-06-27,31.44666667,19,11.584006,43.69,7.95
2022-06-28,31.51,19,0,43.69,7.95
2022-06-29,31.57333333,19,0,43.69,8.025
2022-06-30,31.63666667,19,12.45884,43.69,8.025
2022-07-01,31.7,19,0,43.69,8.025
2022-07-02,31.77096774,19.09677419,0,43.69,8
2022-07-03,31.84193548,19.19354839,8.145004,43.69,7.975
2022-07-04,31.91290323,19.29032258,0,43.69,7.95
2022-07-05,31.98387097,19.38709677,0,43.69,8.015
2022-07-06,32.05483871,19.48387097,0,43.69,8.03
2022-07-07,32.12580645,19.58064516,0,43.69,8.03
2022-07-08,32.19677419,19.67741935,0,43.69,8.125
2022-07-09,32.26774194,19.77419355,0,43.69,8.133333333
2022-07-10,32.33870968,19.87096774,12.036507,43.13,8.141666667
2022-07-11,32.40967742,19.96774194,0,43.13,8.15
2022-07-12,32.48064516,20.06451613,0,43.13,7.925
2022-07-13,32.5516129,20.16129032,0,43.13,8.1
2022-07-14,32.62258065,20.25806452,0,43.13,8.16
2022-07-15,32.69354839,20.35483871,0,43.13,8.125
2022-07-16,32.76451613,20.4516129,0,43.13,8.136666667
2022-07-17,32.83548387,20.5483871,0,42.91,8.148333333
2022-07-18,32.90645161,20.64516129,0,42.91,8.16
2022-07-19,32.97741935,20.74193548,0,42.91,7.9
2022-07-20,33.0483871,20.83870968,0,42.91,8.145
2022-07-21,33.11935484,20.93548387,0,42.91,8.145
2022-07-22,33.19032258,21.03225806,0,42.91,8.1125
2022-07-23,33.26129032,21.12903226,0,42.91,8.166666667
2022-07-24,33.33225806,21.22580645,23.892014,42.86,8.220833333
2022-07-25,33.40322581,21.32258065,0,42.86,8.275
2022-07-26,33.47419355,21.41935484,0,42.86,8.16
2022-07-27,33.54516129,21.51612903,0,42.86,8.46
2022-07-28,33.61612903,21.61290323,0,42.86,8.395
2022-07-29,33.68709677,21.70967742,3.620002,42.86,8.45
2022-07-30,33.75806452,21.80645161,0,42.86,8.466666667
2022-07-31,33.82903226,21.90322581,0,42.77,8.483333333
2022-08-01,33.9,22,5.3998365,42.77,8.5
2022-08-02,34.00645161,22,0,42.77,8.575
2022-08-03,34.11290323,22,0,42.77,8.475
2022-08-04,34.21935484,22,0,42.77,8.5
2022-08-05,34.32580645,22,0,42.77,8.675
2022-08-06,34.43225806,22,1.327334,42.77,8.691666667
2022-08-07,34.53870968,22,0.39216688,42.77,8.708333333
2022-08-08,34.64516129,22,0.15083343,42.77,8.725
2022-08-09,34.7516129,22,0.54300034,42.77,8.87
2022-08-10,34.85806452,22,0.6033337,42.77,8.975
2022-08-11,34.96451613,22,0.6938337,42.77,8.975
2022-08-12,35.07096774,22,0.84466714,42.77,8.975
2022-08-13,35.17741935,22,0,42.77,9.083333333
2022-08-14,35.28387097,22,0,40.65,9.191666667
2022-08-15,35.39032258,22,0,40.65,9.3
2022-08-16,35.49677419,22,0,40.65,9.475
2022-08-17,35.60322581,22,0,40.65,9.94
2022-08-18,35.70967742,22,0,40.65,9.875
2022-08-19,35.81612903,22,0,40.65,9.75
2022-08-20,35.92258065,22,0,40.65,9.805
2022-08-21,36.02903226,22,0,40.55,9.86
2022-08-22,36.13548387,22,3.2580018,40.55,9.915
2022-08-23,36.24193548,22,0,40.55,9.9
2022-08-24,36.3483871,22,0,40.55,9.9
2022-08-25,36.45483871,22,0,40.55,9.98
2022-08-26,36.56129032,22,0.45250025,40.55,9.975
2022-08-27,36.66774194,22,0,40.55,9.975
2022-08-28,36.77419355,22,0,40.43,9.975
2022-08-29,36.88064516,22,0,40.43,9.975
2022-08-30,36.98709677,22,0,40.43,9.975
2022-08-31,37.09354839,22,0,40.43,10.1
2022-09-01,37.2,22,0,40.43,10.05
2022-09-02,37.30666667,22.08333333,1.0860007,36.87,9.925
2022-09-03,37.41333333,22.16666667,0,36.87,9.933333333
2022-09-04,37.52,22.25,0,36.86,9.941666667
2022-09-05,37.62666667,22.33333333,0,34.12,9.95
2022-09-06,37.73333333,22.41666667,0,34.12,9.95
2022-09-07,37.84,22.5,0,34.12,10
2022-09-08,37.94666667,22.58333333,0,34.12,9.95
2022-09-09,38.05333333,22.66666667,0,34.12,10.075
2022-09-10,38.16,22.75,0,34.12,10.06666667
2022-09-11,38.26666667,22.83333333,0,34.05,10.05833333
2022-09-12,38.37333333,22.91666667,1.7798344,34.05,10.05
2022-09-13,38.48,23,0,34.05,10.05
2022-09-14,38.58666667,23.08333333,0,34.05,10.07
2022-09-15,38.69333333,23.16666667,0,34.05,10.05
2022-09-16,38.8,23.25,0,34.05,10.1
2022-09-17,38.90666667,23.33333333,4.1630025,34.05,10.1
2022-09-18,39.01333333,23.41666667,0,34.03,10.1
2022-09-19,39.12,23.5,0,34.03,10.1
2022-09-20,39.22666667,23.58333333,0,34.03,10.1
2022-09-21,39.33333333,23.66666667,0,34.03,10.1
2022-09-22,39.44,23.75,0,34.03,10.25
2022-09-23,39.54666667,23.83333333,8.657839,34.03,10.25
2022-09-24,39.65333333,23.91666667,0,34.03,10.28333333
2022-09-25,39.76,24,0,34.03,10.31666667
2022-09-26,39.86666667,24.08333333,0,34.03,10.35
2022-09-27,39.97333333,24.16666667,0,34.03,10.35
2022-09-28,40.08,24.25,8.597505,34.03,10.4
2022-09-29,40.18666667,24.33333333,3.0468352,34.03,10.35
2022-09-30,40.29333333,24.41666667,2.5038347,34.03,10.375
2022-10-01,40.4,24.5,2.7150016,34.03,10.40833333
2022-10-02,40.71935484,24.58064516,0.78433377,33.93,10.44166667
2022-10-03,41.03870968,24.66129032,0,33.93,10.475
2022-10-04,41.35806452,24.74193548,0,33.93,10.4
2022-10-05,41.67741935,24.82258065,0,33.93,10.5
2022-10-06,41.99677419,24.90322581,0,33.93,10.625
2022-10-07,42.31612903,24.98387097,0,33.93,10.575
2022-10-08,42.63548387,25.06451613,0,33.93,10.56666667
2022-10-09,42.95483871,25.14516129,12.609674,33.78,10.55833333
2022-10-10,43.27419355,25.22580645,0.48266694,33.78,10.55
2022-10-11,43.59354839,25.30645161,1.7496676,33.78,10.75
2022-10-12,43.91290323,25.38709677,0,33.78,10.745
2022-10-13,44.23225806,25.46774194,4.3440027,33.78,10.825
2022-10-14,44.5516129,25.5483871,0,33.78,11.1
2022-10-15,44.87096774,25.62903226,3.0166683,33.78,11.31666667
2022-10-16,45.19032258,25.70967742,0,33.78,11.53333333
2022-10-17,45.50967742,25.79032258,0,33.78,11.75
2022-10-18,45.82903226,25.87096774,0,33.78,11.75
2022-10-19,46.1483871,25.9516129,0,33.78,12.55
2022-10-20,46.46774194,26.03225806,4.585336,33.78,13.125
2022-10-21,46.78709677,26.11290323,0,33.78,13.625
2022-10-22,47.10645161,26.19354839,0,33.78,13.75
2022-10-23,47.42580645,26.27419355,0,33.78,13.875
2022-10-24,47.74516129,26.35483871,0,33.78,14
2022-10-25,48.06451613,26.43548387,0,33.78,14
2022-10-26,48.38387097,26.51612903,4.0423355,33.78,14
2022-10-27,48.70322581,26.59677419,0,33.78,14
2022-10-28,49.02258065,26.67741935,0,33.78,14
2022-10-29,49.34193548,26.75806452,0,33.78,14
2022-10-30,49.66129032,26.83870968,0,33.72,14
2022-10-31,49.98064516,26.91935484,0,33.72,14
2022-11-01,50.3,27,5.64117,33.72,14
2022-11-02,50.42666667,27,0,33.72,13.7
2022-11-03,50.55333333,27,0,33.72,13.7
2022-11-04,50.68,27,0,33.72,14.25
2022-11-05,50.80666667,27,0,33.72,14.25
2022-11-06,50.93333333,27,0,33.72,14.25
2022-11-07,51.06,27,0,33.72,14.25
2022-11-08,51.18666667,27,0,33.72,14.5
2022-11-09,51.31333333,27,0,33.72,14.5
2022-11-10,51.44,27,2.3530014,33.72,14.75
2022-11-11,51.56666667,27,0,33.72,14.5
2022-11-12,51.69333333,27,0,33.72,14.5
2022-11-13,51.82,27,0,33.56,14.5
2022-11-14,51.94666667,27,0,33.56,14.5
2022-11-15,52.07333333,27,0,33.56,14.5
2022-11-16,52.2,27,0,33.56,14.5
2022-11-17,52.32666667,27,0,33.56,14.5
2022-11-18,52.45333333,27,0.7240004,33.56,14.5
2022-11-19,52.58,27,0,33.56,14.5
2022-11-20,52.70666667,27,0,33.56,14.5
2022-11-21,52.83333333,27,0.39216688,33.56,14.5
2022-11-22,52.96,27,0,33.56,14.5
2022-11-23,53.08666667,27,0,33.56,14.5
2022-11-24,53.21333333,27,0,33.56,14.5
2022-11-25,53.34,27,0,33.56,14.5
2022-11-26,53.46666667,27,0,33.56,14.5
2022-11-27,53.59333333,27,0,33.54,14.5
2022-11-28,53.72,27,0,33.54,14.5
2022-11-29,53.84666667,27,0.27150017,33.54,14.4
2022-11-30,53.97333333,27,0,33.54,14.4
2022-12-01,54.1,27,0,33.54,14.1
